~iteration~,epoch,recall_at_1_level0,recall_at_2_level0,recall_at_4_level0,recall_at_8_level0,best_epoch,best_accuracy
1,1,0.31296421336934505,0.43433490884537473,0.562626603646185,0.687373396353815,1,0.31296421336934505
2,2,0.362592842673869,0.4785617825793383,0.6016205266711682,0.7186022957461174,2,0.362592842673869
3,3,0.3777852802160702,0.4885212694125591,0.6093855503038488,0.7260297096556381,3,0.3777852802160702
4,4,0.37525320729237,0.49358541525995947,0.6102295746117489,0.7282241728561782,3,0.3777852802160702
5,5,0.3739027683997299,0.4922349763673194,0.6169817690749494,0.7287305874409183,3,0.3777852802160702
6,6,0.3759284267386901,0.49071573261309925,0.6048278190411884,0.7209655638082377,3,0.3777852802160702
7,7,0.3713706954760297,0.4883524645509791,0.6039837947332883,0.7196151249155975,3,0.3777852802160702
8,8,0.3739027683997299,0.48700202565833894,0.6011141120864281,0.7153950033760972,3,0.3777852802160702
9,9,0.3683322079675895,0.48075624577987847,0.5990884537474679,0.7140445644834571,3,0.3777852802160702
